Folder,Subfolder (H value),File,Central enthalpy,Central proper baryon density,Central proper energy density,Central pressure,Coordinate equatorial radius,Coordinate polar radius,Baryon mass,Gravitational mass,Omega,f,Rotation period,Compactness,Quadrupole moment Q,Angular momentum J,Moment of inertia,Circumferential equatorial radius,Circumferential polar radius,Surface area,Mean radius,Coordinate equatorial radius r_eq,Redshift at the equator (forward),Redshift at the equator (backward),Redshift at the pole
Nrotstar_(SLy100)_(0.04-0.9)_stat_nrot,0.0400,result.txt,0.04,1.602194301,1.643554797,0.02402629301,18.53049264,18.53049264,0.1646367274,0.1646902571,0,0,N/A,0.01295356561,-2.80446216e-09,0,N/A,18.77450482,18.77450431,4429.419719,18.77450457,18.53049264,0.01321177004,0.01321177004,0.01321177004
Nrotstar_(SLy100)_(0.04-0.9)_stat_nrot,0.0487,result.txt,0.0487,1.900349429,1.95518032,0.04000667776,14.47579003,14.47579003,0.2313501546,0.2301895277,0,0,N/A,0.02294009357,2.275243514e-08,0,N/A,14.81768267,14.81768385,2759.119297,14.81768326,14.47579003,0.02375938166,0.02375938166,0.02375938166
Nrotstar_(SLy100)_(0.04-0.9)_stat_nrot,0.0574,result.txt,0.0574,2.157802885,2.226637044,0.05864744812,12.97916503,12.97916503,0.3021007075,0.2989380265,0,0,N/A,0.03288350811,2.122614946e-07,0,N/A,13.42433969,13.42434174,2264.622388,13.42434071,12.97916503,0.03459854256,0.03459854256,0.03459854256
Nrotstar_(SLy100)_(0.04-0.9)_stat_nrot,0.0661,result.txt,0.0661,2.385885535,2.469232385,0.07968916765,12.21978054,12.21978054,0.3750266601,0.3690210067,0,0,N/A,0.04267005707,-1.737084332e-06,0,N/A,12.77079045,12.77078391,2049.487147,12.77078718,12.21978054,0.04561023508,0.04561023508,0.04561023508
Nrotstar_(SLy100)_(0.04-0.9)_stat_nrot,0.0747,result.txt,0.0747,2.594441864,2.692984712,0.1026842272,11.78288533,11.78288533,0.4462928458,0.4368599475,0,0,N/A,0.0518707304,1.617678842e-07,0,N/A,12.43683232,12.43683478,1943.701223,12.43683355,11.78288533,0.05629141166,0.05629141166,0.05629141166
Nrotstar_(SLy100)_(0.04-0.9)_stat_nrot,0.0834,result.txt,0.0834,2.788800713,2.90332293,0.1280379419,11.48226505,11.48226505,0.518437892,0.5048196854,0,0,N/A,0.06090476713,5.932429147e-07,0,N/A,12.23981653,12.23982035,1882.607633,12.23981844,11.48226505,0.06710061904,0.06710061904,0.06710061904
Nrotstar_(SLy100)_(0.04-0.9)_stat_nrot,0.0921,result.txt,0.0921,2.974749844,3.106322548,0.1554146927,11.25580636,11.25580636,0.5904242586,0.5718711486,0,0,N/A,0.06969839569,-6.258099527e-06,0,N/A,12.11616888,12.11615067,1844.75989,12.11615977,11.25580636,0.07795064499,0.07795064499,0.07795064499
Nrotstar_(SLy100)_(0.04-0.9)_stat_nrot,0.1008,result.txt,0.1008,3.152117168,3.301640438,0.1847758038,11.0838558,11.0838558,0.6597582455,0.6359165048,0,0,N/A,0.07797619184,-3.286693071e-06,0,N/A,12.04281427,12.04280499,1822.491479,12.04280963,11.0838558,0.08847002801,0.08847002801,0.08847002801
Nrotstar_(SLy100)_(0.04-0.9)_stat_nrot,0.1095,result.txt,0.1095,3.319628701,3.487718807,0.2160575628,10.94317745,10.94317745,0.7267539924,0.6973073161,0,0,N/A,0.08583016236,1.198239182e-05,0,N/A,11.9970426,11.9970727,1808.670085,11.99705765,10.94317745,0.09874145283,0.09874145283,0.09874145283
Nrotstar_(SLy100)_(0.04-0.9)_stat_nrot,0.1182,result.txt,0.1182,3.479357624,3.666703387,0.249206394,10.8077758,10.8077758,0.7947006503,0.7587062719,0,0,N/A,0.09369863185,-6.059291049e-06,0,N/A,11.95722325,11.95720842,1796.67697,11.95721583,10.8077758,0.1093312004,0.1093312004,0.1093312004
Nrotstar_(SLy100)_(0.04-0.9)_stat_nrot,0.1269,result.txt,0.1269,3.634201499,3.841732185,0.2841894301,10.69531732,10.69531732,0.8587476083,0.8162888247,0,0,N/A,0.101000631,8.700404385e-06,0,N/A,11.93464971,11.93466884,1789.904722,11.93465928,10.69531732,0.1194349871,0.1194349871,0.1194349871
Nrotstar_(SLy100)_(0.04-0.9)_stat_nrot,0.1356,result.txt,0.1356,3.784585816,4.01320545,0.3209919683,10.58584124,10.58584124,0.9222520726,0.8727165464,0,0,N/A,0.1081716194,2.77265565e-06,0,N/A,11.91378592,11.91379312,1783.650296,11.91378952,10.58584124,0.1296321824,0.1296321824,0.1296321824
Nrotstar_(SLy100)_(0.04-0.9)_stat_nrot,0.1442,result.txt,0.1442,3.929590389,4.179981572,0.3591476567,10.48386599,10.48386599,0.9833877146,0.9265310015,0,0,N/A,0.1150064044,-8.078864016e-06,0,N/A,11.8967365,11.89672079,1778.545482,11.89672865,10.48386599,0.1396152194,0.1396152194,0.1396152194
Nrotstar_(SLy100)_(0.04-0.9)_stat_nrot,0.1529,result.txt,0.1529,4.072568997,4.3458547,0.3995371188,10.39072777,10.39072777,1.041738551,0.9776707678,0,0,N/A,0.1214788901,1.707786387e-05,0,N/A,11.88452224,11.88455748,1774.902933,11.88453986,10.39072777,0.1493162839,0.1493162839,0.1493162839
Nrotstar_(SLy100)_(0.04-0.9)_stat_nrot,0.1616,result.txt,0.1616,4.211813822,4.508809233,0.4417145793,10.29513794,10.29513794,1.100136234,1.028149031,0,0,N/A,0.1279138665,-2.578117238e-06,0,N/A,11.86938882,11.86938312,1770.379488,11.86938597,10.29513794,0.1592139005,0.1592139005,0.1592139005
Nrotstar_(SLy100)_(0.04-0.9)_stat_nrot,0.1703,result.txt,0.1703,4.348270897,4.669897029,0.4856760007,10.20389153,10.20389153,1.156194267,1.076256153,0,0,N/A,0.1340600138,-1.157654006e-05,0,N/A,11.85512946,11.85510794,1766.125974,11.8551187,10.20389153,0.1689091325,0.1689091325,0.1689091325
Nrotstar_(SLy100)_(0.04-0.9)_stat_nrot,0.1790,result.txt,0.179,4.482326021,4.829532382,0.5314225208,10.11784389,10.11784389,1.209436208,1.12172955,0,0,N/A,0.1398784411,8.437140719e-06,0,N/A,11.8420609,11.84207914,1762.240238,11.84207002,10.11784389,0.1783123844,0.1783123844,0.1783123844
Nrotstar_(SLy100)_(0.04-0.9)_stat_nrot,0.1877,result.txt,0.1877,4.613076168,4.98659208,0.5789529346,10.0332176,10.0332176,1.261110527,1.165487597,0,0,N/A,0.145507638,2.32463565e-05,0,N/A,11.8280126,11.82805709,1758.065512,11.82803484,10.0332176,0.1876307647,0.1876307647,0.1876307647
Nrotstar_(SLy100)_(0.04-0.9)_stat_nrot,0.1964,result.txt,0.1964,4.741925988,5.142722502,0.6282659787,9.947448881,9.947448881,1.312337005,1.208318079,0,0,N/A,0.1510621366,-4.537162589e-06,0,N/A,11.81178583,11.81177568,1753.236964,11.81178076,9.947448881,0.1970457775,0.1970457775,0.1970457775
Nrotstar_(SLy100)_(0.04-0.9)_stat_nrot,0.2051,result.txt,0.2051,4.869289595,5.298400747,0.6793720261,9.863918323,9.863918323,1.361478694,1.249125299,0,0,N/A,0.1563888273,-2.272212661e-05,0,N/A,11.7947895,11.79474879,1748.190492,11.79476914,9.863918323,0.2062884919,0.2062884919,0.2062884919
Nrotstar_(SLy100)_(0.04-0.9)_stat_nrot,0.2137,result.txt,0.2137,4.993925978,5.452069131,0.7316653226,9.784786144,9.784786144,1.407513241,1.287209697,0,0,N/A,0.1613876277,-8.980277951e-06,0,N/A,11.77793025,11.77791792,1743.200596,11.77792409,9.784786144,0.2151594518,0.2151594518,0.2151594518
Nrotstar_(SLy100)_(0.04-0.9)_stat_nrot,0.2224,result.txt,0.2224,5.111793758,5.598655945,0.7863369172,9.706529334,9.706529334,1.452406224,1.324109332,0,0,N/A,0.1662634684,1.010917581e-05,0,N/A,11.76026001,11.76028057,1737.978785,11.76027029,9.706529334,0.2240034758,0.2240034758,0.2240034758
Nrotstar_(SLy100)_(0.04-0.9)_stat_nrot,0.2311,result.txt,0.2311,5.231484222,5.748812093,0.8427807662,9.628752565,9.628752565,1.49618629,1.359771195,0,0,N/A,0.1710164172,1.487836062e-05,0,N/A,11.74134762,11.74137557,1732.394475,11.74136159,9.628752565,0.2328137563,0.2328137563,0.2328137563
Nrotstar_(SLy100)_(0.04-0.9)_stat_nrot,0.2398,result.txt,0.2398,5.353524536,5.903254166,0.901048355,9.552853578,9.552853578,1.538043687,1.393689738,0,0,N/A,0.1755771031,3.490833272e-05,0,N/A,11.72163344,11.72169976,1726.587503,11.7216666,9.552853578,0.2414476297,0.2414476297,0.2414476297
Nrotstar_(SLy100)_(0.04-0.9)_stat_nrot,0.2485,result.txt,0.2485,5.478085028,6.062262995,0.9611943241,9.475131378,9.475131378,1.58023155,1.427275169,0,0,N/A,0.1801391742,-3.091947745e-05,0,N/A,11.70009683,11.70003862,1720.230387,11.70006772,9.475131378,0.2502761879,0.2502761879,0.2502761879
Nrotstar_(SLy100)_(0.04-0.9)_stat_nrot,0.2572,result.txt,0.2572,5.608700653,6.230455263,1.023298389,9.401820035,9.401820035,1.618983066,1.458220229,0,0,N/A,0.184384632,-1.764057649e-05,0,N/A,11.6785335,11.67850089,1713.899188,11.67851719,9.401820035,0.2586567145,0.2586567145,0.2586567145
Nrotstar_(SLy100)_(0.04-0.9)_stat_nrot,0.2659,result.txt,0.2659,5.732215061,6.39088562,1.087388469,9.328904764,9.328904764,1.65661834,1.487970768,0,0,N/A,0.1885152908,-3.067279416e-05,0,N/A,11.65568307,11.65562588,1707.195247,11.65565447,9.328904764,0.266976752,0.266976752,0.266976752
Nrotstar_(SLy100)_(0.04-0.9)_stat_nrot,0.2745,result.txt,0.2745,5.845729559,6.539607738,1.152627464,9.258341389,9.258341389,1.692221875,1.515980325,0,0,N/A,0.1924479548,-3.188517119e-05,0,N/A,11.63242277,11.63236237,1700.387739,11.63239257,9.258341389,0.2750513571,0.2750513571,0.2750513571
Nrotstar_(SLy100)_(0.04-0.9)_stat_nrot,0.2832,result.txt,0.2832,5.951829869,6.679822879,1.220461161,9.188455482,9.188455482,1.726483681,1.542855784,0,0,N/A,0.196270923,-9.223254104e-06,0,N/A,11.6080503,11.60803579,1693.276509,11.60804304,9.188455482,0.2830477129,0.2830477129,0.2830477129
Nrotstar_(SLy100)_(0.04-0.9)_stat_nrot,0.2919,result.txt,0.2919,6.052530759,6.814076171,1.290075576,9.120055556,9.120055556,1.759438398,1.568614805,0,0,N/A,0.1999722501,2.948133473e-05,0,N/A,11.58341162,11.58346917,1686.106491,11.58344039,9.120055556,0.2909335744,0.2909335744,0.2909335744
Nrotstar_(SLy100)_(0.04-0.9)_stat_nrot,0.3006,result.txt,0.3006,6.158184719,6.956165921,1.361503065,9.051607023,9.051607023,1.792021565,1.593781478,0,0,N/A,0.2036268395,3.005020082e-05,0,N/A,11.55802602,11.55808476,1678.724416,11.55805539,9.051607023,0.2988676602,0.2988676602,0.2988676602
Nrotstar_(SLy100)_(0.04-0.9)_stat_nrot,0.3093,result.txt,0.3093,6.269228941,7.106809597,1.434833344,8.983949401,8.983949401,1.82370604,1.618047728,0,0,N/A,0.2071914657,1.580075973e-05,0,N/A,11.53212599,11.53215907,1671.20554,11.53214253,8.983949401,0.3067507913,0.3067507913,0.3067507913
Nrotstar_(SLy100)_(0.04-0.9)_stat_nrot,0.3180,result.txt,0.318,6.385782385,7.266308597,1.510159121,8.918431631,8.918431631,1.853682598,1.640983855,0,0,N/A,0.2106025801,3.216339545e-05,0,N/A,11.50616331,11.50622635,1663.693466,11.50619483,8.918431631,0.3144279049,0.3144279049,0.3144279049
Nrotstar_(SLy100)_(0.04-0.9)_stat_nrot,0.3267,result.txt,0.3267,6.507100421,7.433773639,1.587576027,8.853753871,8.853753871,1.882688334,1.662986451,0,0,N/A,0.2139192461,3.144538696e-05,0,N/A,11.4796531,11.47971493,1656.035842,11.47968402,8.853753871,0.3220246147,0.3220246147,0.3220246147
Nrotstar_(SLy100)_(0.04-0.9)_stat_nrot,0.3354,result.txt,0.3354,6.620259863,7.591338501,1.667092754,8.788530343,8.788530343,1.911764937,1.684632211,0,0,N/A,0.2172198597,-4.591516842e-05,0,N/A,11.452373,11.45228765,1648.153269,11.45233032,8.788530343,0.3297225139,0.3297225139,0.3297225139
Nrotstar_(SLy100)_(0.04-0.9)_stat_nrot,0.3440,result.txt,0.344,6.730008543,7.745481759,1.747724508,8.727270383,8.727270383,1.937673979,1.704145446,0,0,N/A,0.2202579944,-2.288315424e-05,0,N/A,11.42522841,11.42519025,1640.356318,11.42520933,8.727270383,0.3369222484,0.3369222484,0.3369222484
Nrotstar_(SLy100)_(0.04-0.9)_stat_nrot,0.3527,result.txt,0.3527,6.838903368,7.899754398,1.831349983,8.6658269,8.6658269,1.963301366,1.723247625,0,0,N/A,0.2232707055,-2.744050784e-05,0,N/A,11.39740175,11.39735566,1632.374576,11.39737871,8.6658269,0.34417875,0.34417875,0.34417875
Nrotstar_(SLy100)_(0.04-0.9)_stat_nrot,0.3614,result.txt,0.3614,6.945661681,8.052321756,1.917046786,8.605521098,8.605521098,1.987985939,1.741559747,0,0,N/A,0.226197708,-2.947184203e-05,0,N/A,11.36946663,11.36941274,1624.381325,11.36943968,8.605521098,0.3513437592,0.3513437592,0.3513437592
Nrotstar_(SLy100)_(0.04-0.9)_stat_nrot,0.3701,result.txt,0.3701,7.053958326,8.208451324,2.004829592,8.546182403,8.546182403,2.011654835,1.759020597,0,0,N/A,0.2290358444,-3.222162121e-05,0,N/A,11.34115752,11.34109567,1616.301071,11.3411266,8.546182403,0.3584036252,0.3584036252,0.3584036252
Nrotstar_(SLy100)_(0.04-0.9)_stat_nrot,0.3788,result.txt,0.3788,7.163890175,8.368311765,2.094771203,8.487716767,8.487716767,2.034233607,1.775601365,0,0,N/A,0.2317846716,-3.000979177e-05,0,N/A,11.31229368,11.31224269,1608.08592,11.31226819,8.487716767,0.3653465587,0.3653465587,0.3653465587
Nrotstar_(SLy100)_(0.04-0.9)_stat_nrot,0.3875,result.txt,0.3875,7.271912803,8.526768415,2.186889477,8.430591026,8.430591026,2.055728474,1.791348379,0,0,N/A,0.2344393108,-1.775635648e-05,0,N/A,11.28338825,11.28336329,1599.882056,11.28337577,8.430591026,0.3721524433,0.3721524433,0.3721524433
Nrotstar_(SLy100)_(0.04-0.9)_stat_nrot,0.3962,result.txt,0.3962,7.378024807,8.683782462,2.281190998,8.374683288,8.374683288,2.076380519,1.806427726,0,0,N/A,0.2370171409,-1.19743762e-06,0,N/A,11.25461773,11.25461908,1591.737373,11.25461841,8.374683288,0.3788597726,0.3788597726,0.3788597726
Nrotstar_(SLy100)_(0.04-0.9)_stat_nrot,0.4048,result.txt,0.4048,7.481039042,8.837536978,2.376560517,8.320293445,8.320293445,2.095991562,1.820677326,0,0,N/A,0.2394957713,1.422827877e-05,0,N/A,11.22600024,11.22602685,1583.656501,11.22601355,8.320293445,0.385402456,0.385402456,0.385402456
Nrotstar_(SLy100)_(0.04-0.9)_stat_nrot,0.4135,result.txt,0.4135,7.58784585,8.998342463,2.47524598,8.265665039,8.265665039,2.115200784,1.834500027,0,0,N/A,0.2419486293,1.196616589e-05,0,N/A,11.19655633,11.19658203,1575.359949,11.19656918,8.265665039,0.3919711114,0.3919711114,0.3919711114
Nrotstar_(SLy100)_(0.04-0.9)_stat_nrot,0.4222,result.txt,0.4222,7.694587274,9.160449492,2.576208791,8.211787489,8.211787489,2.133473722,1.847578118,0,0,N/A,0.2443260976,9.476181124e-06,0,N/A,11.16664898,11.1666831,1566.956427,11.16666604,8.211787489,0.3984277681,0.3984277681,0.3984277681
Nrotstar_(SLy100)_(0.04-0.9)_stat_nrot,0.4309,result.txt,0.4309,7.800494482,9.322695016,2.679470903,8.159112382,8.159112382,2.151065235,1.860131456,0,0,N/A,0.2466389873,1.126796224e-05,0,N/A,11.13709237,11.13712857,1558.672664,11.13711047,8.159112382,0.4047984162,0.4047984162,0.4047984162
Nrotstar_(SLy100)_(0.04-0.9)_stat_nrot,0.4396,result.txt,0.4396,7.905570275,9.485073406,2.785053593,8.107567413,8.107567413,2.167966074,1.87215823,0,0,N/A,0.2488886531,1.579820527e-05,0,N/A,11.1077825,11.10782032,1550.479674,11.10780141,8.107567413,0.4110766257,0.4110766257,0.4110766257
Nrotstar_(SLy100)_(0.04-0.9)_stat_nrot,0.4483,result.txt,0.4483,8.009593932,9.647229195,2.892978087,8.05680197,8.05680197,2.18408692,1.883572282,0,0,N/A,0.2510736305,1.852158424e-05,0,N/A,11.07824847,11.07828837,1542.245924,11.07826842,8.05680197,0.4172554509,0.4172554509,0.4172554509
Nrotstar_(SLy100)_(0.04-0.9)_stat_nrot,0.4570,result.txt,0.457,8.112289981,9.808717935,3.003255949,8.006705241,8.006705241,2.199400159,1.894356573,0,0,N/A,0.2531946006,1.957216183e-05,0,N/A,11.04834437,11.04839216,1533.932141,11.04836827,8.006705241,0.423330938,0.423330938,0.423330938
Nrotstar_(SLy100)_(0.04-0.9)_stat_nrot,0.4657,result.txt,0.4657,8.216217272,9.973570798,3.115923118,7.957662807,7.957662807,2.214043039,1.904662825,0,0,N/A,0.2552576406,3.016542623e-05,0,N/A,11.01867232,11.01874241,1525.707083,11.01870736,7.957662807,0.429314847,0.429314847,0.429314847
Nrotstar_(SLy100)_(0.04-0.9)_stat_nrot,0.4743,result.txt,0.4743,8.320176753,10.13990728,3.229693064,7.909870147,7.909870147,2.227937031,1.914379717,0,0,N/A,0.2572462605,3.489709564e-05,0,N/A,10.98927211,10.9893546,1517.577848,10.98931335,7.909870147,0.435156344,0.435156344,0.435156344
Nrotstar_(SLy100)_(0.04-0.9)_stat_nrot,0.4830,result.txt,0.483,8.42660053,10.31166602,3.347262773,7.862295338,7.862295338,2.241459333,1.923775334,0,0,N/A,0.2592084168,3.239074673e-05,0,N/A,10.95961166,10.95968796,1509.396085,10.95964981,7.862295338,0.4409928496,0.4409928496,0.4409928496
Nrotstar_(SLy100)_(0.04-0.9)_stat_nrot,0.4917,result.txt,0.4917,8.532960019,10.48481464,3.46737297,7.815384705,7.815384705,2.254441582,1.932722852,0,0,N/A,0.2611215192,2.07667238e-05,0,N/A,10.92991617,10.92996534,1501.223935,10.92994076,7.815384705,0.4467572524,0.4467572524,0.4467572524
Nrotstar_(SLy100)_(0.04-0.9)_stat_nrot,0.5004,result.txt,0.5004,8.637223998,10.65603984,3.590032374,7.768668361,7.768668361,2.267367567,1.94145884,0,0,N/A,0.2630165285,-2.893678203e-05,0,N/A,10.90021488,10.9001542,1493.061047,10.90018454,7.768668361,0.4525418827,0.4525418827,0.4525418827
Nrotstar_(SLy100)_(0.04-0.9)_stat_nrot,0.5091,result.txt,0.5091,8.741568101,10.82889393,3.715266818,7.723650693,7.723650693,2.278600869,1.94924555,0,0,N/A,0.2647979009,-7.294138515e-06,0,N/A,10.87030993,10.87030663,1484.887616,10.87030828,7.723650693,0.4580290053,0.4580290053,0.4580290053
Nrotstar_(SLy100)_(0.04-0.9)_stat_nrot,0.5178,result.txt,0.5178,8.845995467,11.00339756,3.843113129,7.679356576,7.679356576,2.289752215,1.956878813,0,0,N/A,0.2665545013,-9.887104693e-06,0,N/A,10.84096203,10.8409437,1476.878527,10.84095286,7.679356576,0.4635053628,0.4635053628,0.4635053628
Nrotstar_(SLy100)_(0.04-0.9)_stat_nrot,0.5265,result.txt,0.5265,8.950508574,11.17957052,3.973608628,7.635796362,7.635796362,2.300412144,1.964150649,0,0,N/A,0.2682682006,-1.191289871e-05,0,N/A,10.81173797,10.81170298,1468.924526,10.81172048,7.635796362,0.468908311,0.468908311,0.468908311
Nrotstar_(SLy100)_(0.04-0.9)_stat_nrot,0.5352,result.txt,0.5352,9.053876491,11.35533171,4.106785902,7.592801549,7.592801549,2.310492343,1.970982633,0,0,N/A,0.2699354069,-1.813232601e-05,0,N/A,10.78233589,10.78228452,1460.943796,10.78231021,7.592801549,0.4742210207,0.4742210207,0.4742210207
Nrotstar_(SLy100)_(0.04-0.9)_stat_nrot,0.5438,result.txt,0.5438,9.155749221,11.5300602,4.24108492,7.550852403,7.550852403,2.319935779,1.977348508,0,0,N/A,0.2715418439,-2.517147549e-05,0,N/A,10.75316652,10.75310408,1453.048413,10.7531353,7.550852403,0.479394798,0.479394798,0.479394798
Nrotstar_(SLy100)_(0.04-0.9)_stat_nrot,0.5525,result.txt,0.5525,9.259662694,11.7098373,4.379674552,7.509133368,7.509133368,2.328945408,1.983408709,0,0,N/A,0.2731220571,-2.940862732e-05,0,N/A,10.72371724,10.72364998,1445.099825,10.72368361,7.509133368,0.4845379023,0.4845379023,0.4845379023
Nrotstar_(SLy100)_(0.04-0.9)_stat_nrot,0.5612,result.txt,0.5612,9.364443905,11.89269964,4.52105948,7.468189177,7.468189177,2.337441598,1.989114429,0,0,N/A,0.2746579835,-3.068492095e-05,0,N/A,10.69442536,10.6943559,1437.215693,10.69439063,7.468189177,0.4895893951,0.4895893951,0.4895893951
Nrotstar_(SLy100)_(0.04-0.9)_stat_nrot,0.5699,result.txt,0.5699,9.470098498,12.07869736,4.665291309,7.427885484,7.427885484,2.345431794,1.994465435,0,0,N/A,0.2761528003,-3.030691273e-05,0,N/A,10.66515019,10.66508726,1429.358777,10.66511872,7.427885484,0.4945538976,0.4945538976,0.4945538976
Nrotstar_(SLy100)_(0.04-0.9)_stat_nrot,0.5786,result.txt,0.5786,9.575673952,12.26617719,4.812417706,7.388368376,7.388368376,2.352960747,1.999509096,0,0,N/A,0.2776070152,-2.609242536e-05,0,N/A,10.63611099,10.63605881,1421.587038,10.6360849,7.388368376,0.4994305564,0.4994305564,0.4994305564
Nrotstar_(SLy100)_(0.04-0.9)_stat_nrot,0.5873,result.txt,0.5873,9.680637272,12.45419956,4.962469383,7.34963816,7.34963816,2.360089731,2.004280289,0,0,N/A,0.2790231969,-2.141287979e-05,0,N/A,10.60737831,10.60732993,1413.917272,10.60735412,7.34963816,0.5042256792,0.5042256792,0.5042256792
Nrotstar_(SLy100)_(0.04-0.9)_stat_nrot,0.5960,result.txt,0.596,9.785138542,12.64302994,5.115478666,7.311377223,7.311377223,2.366786487,2.008731826,0,0,N/A,0.2804043053,-1.963671151e-05,0,N/A,10.57857565,10.57853087,1406.249619,10.57855326,7.311377223,0.5089480147,0.5089480147,0.5089480147
Nrotstar_(SLy100)_(0.04-0.9)_stat_nrot,0.6046,result.txt,0.6046,9.887979868,12.83047526,5.269668208,7.274102193,7.274102193,2.372924978,2.01279733,0,0,N/A,0.2817311858,-1.744491086e-05,0,N/A,10.55006262,10.55002822,1398.680509,10.55004542,7.274102193,0.5135268272,0.5135268272,0.5135268272
Nrotstar_(SLy100)_(0.04-0.9)_stat_nrot,0.6133,result.txt,0.6133,9.99154825,13.0208857,5.428656568,7.237052415,7.237052415,2.37869908,2.016621551,0,0,N/A,0.2830365684,-1.275546346e-05,0,N/A,10.52135725,10.5213382,1391.081619,10.52134773,7.237052415,0.5180715263,0.5180715263,0.5180715263
Nrotstar_(SLy100)_(0.04-0.9)_stat_nrot,0.6220,result.txt,0.622,10.0951037,13.21293745,5.590703598,7.200699072,7.200699072,2.3840798,2.020194289,0,0,N/A,0.2843072911,-4.397575284e-06,0,N/A,10.49288842,10.49288897,1383.566367,10.4928887,7.200699072,0.5225343235,0.5225343235,0.5225343235
Nrotstar_(SLy100)_(0.04-0.9)_stat_nrot,0.6307,result.txt,0.6307,10.19933009,13.40792256,5.755857461,7.164951676,7.164951676,2.389088805,2.023520762,0,0,N/A,0.2855457443,5.755584833e-06,0,N/A,10.46458201,10.46460584,1376.114671,10.46459393,7.164951676,0.5269213212,0.5269213212,0.5269213212
Nrotstar_(SLy100)_(0.04-0.9)_stat_nrot,0.6394,result.txt,0.6394,10.30423455,13.60589105,5.924171186,7.12972379,7.12972379,2.393761483,2.026606743,0,0,N/A,0.2867538599,1.345588692e-05,0,N/A,10.43638577,10.43642392,1368.710817,10.43640485,7.12972379,0.5312399781,0.5312399781,0.5312399781
Nrotstar_(SLy100)_(0.04-0.9)_stat_nrot,0.6481,result.txt,0.6481,10.40981927,13.80688434,6.095698635,7.094868815,7.094868815,2.398206262,2.029494413,0,0,N/A,0.2879387591,1.097200833e-05,0,N/A,10.40824831,10.40828241,1361.339908,10.40826536,7.094868815,0.5355130831,0.5355130831,0.5355130831
Nrotstar_(SLy100)_(0.04-0.9)_stat_nrot,0.6568,result.txt,0.6568,10.51573046,14.01025837,6.270493956,7.060592311,7.060592311,2.402295636,2.032146273,0,0,N/A,0.2890922373,9.073796649e-06,0,N/A,10.38026517,10.38029564,1354.029215,10.38028041,7.060592311,0.5397075059,0.5397075059,0.5397075059
Nrotstar_(SLy100)_(0.04-0.9)_stat_nrot,0.6655,result.txt,0.6655,10.62058179,14.21335858,6.448590431,7.026811035,7.026811035,2.406039014,2.034561002,0,0,N/A,0.2902160318,6.434821412e-06,0,N/A,10.35235674,10.35238435,1346.757742,10.35237054,7.026811035,0.5438275489,0.5438275489,0.5438275489
Nrotstar_(SLy100)_(0.04-0.9)_stat_nrot,0.6741,result.txt,0.6741,10.72464134,14.41667618,6.627924407,6.994021134,6.994021134,2.409409848,2.036738045,0,0,N/A,0.2912967634,5.152710647e-06,0,N/A,10.32498501,10.32500946,1339.645076,10.32499723,6.994021134,0.5478205778,0.5478205778,0.5478205778
Nrotstar_(SLy100)_(0.04-0.9)_stat_nrot,0.6828,result.txt,0.6828,10.83032896,14.62496877,6.812717963,6.961315075,6.961315075,2.412534846,2.038746139,0,0,N/A,0.2923646536,3.185963188e-06,0,N/A,10.2974146,10.29743533,1332.499749,10.29742496,6.961315075,0.5517972099,0.5517972099,0.5517972099
Nrotstar_(SLy100)_(0.04-0.9)_stat_nrot,0.6915,result.txt,0.6915,10.93643666,14.83591655,7.000957851,6.929134378,6.929134378,2.415374828,2.040568525,0,0,N/A,0.2934061627,1.958422744e-06,0,N/A,10.27003362,10.27004557,1325.421771,10.27003959,6.929134378,0.5557061959,0.5557061959,0.5557061959
Nrotstar_(SLy100)_(0.04-0.9)_stat_nrot,0.7002,result.txt,0.7002,11.04362617,15.05088018,7.192700185,6.897457092,6.897457092,2.417890626,2.042180292,0,0,N/A,0.294419616,1.326410178e-06,0,N/A,10.24276602,10.2427772,1318.392859,10.24277161,6.897457092,0.559537013,0.559537013,0.559537013
Nrotstar_(SLy100)_(0.04-0.9)_stat_nrot,0.7089,result.txt,0.7089,11.15123525,15.26856603,7.388013036,6.866262287,6.866262287,2.420117672,2.043603469,0,0,N/A,0.2954072641,8.409161246e-07,0,N/A,10.21563515,10.21564677,1311.417894,10.21564096,6.866262287,0.5632972775,0.5632972775,0.5632972775
Nrotstar_(SLy100)_(0.04-0.9)_stat_nrot,0.7176,result.txt,0.7176,11.25806495,15.48656359,7.586936034,6.83554081,6.83554081,2.422049188,2.0448345,0,0,N/A,0.2963688281,5.205486551e-07,0,N/A,10.18862444,10.18863833,1304.492433,10.18863138,6.83554081,0.5669841129,0.5669841129,0.5669841129
Nrotstar_(SLy100)_(0.04-0.9)_stat_nrot,0.7263,result.txt,0.7263,11.3641059,15.70484237,7.789503314,6.805292988,6.805292988,2.423685382,2.04587475,0,0,N/A,0.2973042603,3.815222043e-07,0,N/A,10.16173401,10.16175241,1297.616312,10.16174321,6.805292988,0.5705951971,0.5705951971,0.5705951971
Nrotstar_(SLy100)_(0.04-0.9)_stat_nrot,0.7349,result.txt,0.7349,11.46814384,15.92085855,7.993357376,6.775836603,6.775836603,2.425033128,2.04673055,0,0,N/A,0.2982050336,6.644394829e-07,0,N/A,10.13527683,10.13530178,1290.868976,10.1352893,6.775836603,0.5740958648,0.5740958648,0.5740958648
Nrotstar_(SLy100)_(0.04-0.9)_stat_nrot,0.7436,result.txt,0.7436,11.57316692,16.14081723,8.203275507,6.746473643,6.746473643,2.426163039,2.047444735,0,0,N/A,0.2990942392,3.677100544e-07,0,N/A,10.10867079,10.10869299,1284.10023,10.10868189,6.746473643,0.5775750533,0.5775750533,0.5775750533
Nrotstar_(SLy100)_(0.04-0.9)_stat_nrot,0.7523,result.txt,0.7523,11.67938564,16.3652244,8.416968736,6.71754246,6.71754246,2.427074875,2.048015546,0,0,N/A,0.299962078,-9.488381836e-07,0,N/A,10.08223483,10.08225696,1277.392712,10.08224589,6.71754246,0.5809935586,0.5809935586,0.5809935586
Nrotstar_(SLy100)_(0.04-0.9)_stat_nrot,0.7610,result.txt,0.761,11.78687086,16.59429152,8.634510342,6.689077013,6.689077013,2.427769569,2.048451364,0,0,N/A,0.300808341,-1.90600883e-06,0,N/A,10.05600998,10.05603063,1270.755937,10.05602031,6.689077013,0.584348618,0.584348618,0.584348618
Nrotstar_(SLy100)_(0.04-0.9)_stat_nrot,0.7697,result.txt,0.7697,11.89562726,16.82809295,8.855974994,6.661080432,6.661080432,2.428252775,2.048757636,0,0,N/A,0.3016332658,-2.341625312e-06,0,N/A,10.0300076,10.03002532,1264.192343,10.03001646,6.661080432,0.5876397751,0.5876397751,0.5876397751
Nrotstar_(SLy100)_(0.04-0.9)_stat_nrot,0.7784,result.txt,0.7784,12.00567865,17.06674573,9.081438685,6.633560539,6.633560539,2.428504726,2.048925255,0,0,N/A,0.3024357096,-1.621166803e-06,0,N/A,10.0042137,10.00422974,1257.698319,10.00422172,6.633560539,0.5908604211,0.5908604211,0.5908604211
Nrotstar_(SLy100)_(0.04-0.9)_stat_nrot,0.7871,result.txt,0.7871,12.1160721,17.3082286,9.310973634,6.606525628,6.606525628,2.428534068,2.048962552,0,0,N/A,0.3032160879,3.324991618e-07,0,N/A,9.978647793,9.978654602,1251.277249,9.978651197,6.606525628,0.5940101255,0.5940101255,0.5940101255
Nrotstar_(SLy100)_(0.04-0.9)_stat_nrot,0.7958,result.txt,0.7958,12.22563301,17.54998443,9.544625534,6.579844188,6.579844188,2.428325508,2.048844623,0,0,N/A,0.3039754177,1.853299345e-06,0,N/A,9.953148263,9.953156363,1244.890533,9.953152313,6.579844188,0.5970931012,0.5970931012,0.5970931012
Nrotstar_(SLy100)_(0.04-0.9)_stat_nrot,0.8044,result.txt,0.8044,12.33310591,17.7891931,9.779675417,6.553806349,6.553806349,2.427920877,2.048596571,0,0,N/A,0.3047075157,2.071845801e-06,0,N/A,9.928032455,9.928036169,1238.615193,9.928034312,6.553806349,0.6000814325,0.6000814325,0.6000814325
Nrotstar_(SLy100)_(0.04-0.9)_stat_nrot,0.8131,result.txt,0.8131,12.44097982,18.03138018,10.02162739,6.527714595,6.527714595,2.427328822,2.048211755,0,0,N/A,0.3054314554,-2.969015852e-07,0,N/A,9.902640337,9.902644641,1232.28756,9.902642489,6.527714595,0.6030549064,0.6030549064,0.6030549064
Nrotstar_(SLy100)_(0.04-0.9)_stat_nrot,0.8218,result.txt,0.8218,12.54886904,18.27572288,10.26781439,6.50206078,6.50206078,2.426539925,2.04771507,0,0,N/A,0.3061357399,-1.245759319e-06,0,N/A,9.877462856,9.877464024,1226.028952,9.87746344,6.50206078,0.605962819,0.605962819,0.605962819
Nrotstar_(SLy100)_(0.04-0.9)_stat_nrot,0.8305,result.txt,0.8305,12.65810057,18.52526524,10.51831218,6.47677482,6.47677482,2.425551987,2.047095264,0,0,N/A,0.3068209162,-1.742726556e-06,0,N/A,9.852421979,9.852425549,1219.820788,9.852423764,6.47677482,0.6088083847,0.6088083847,0.6088083847
Nrotstar_(SLy100)_(0.04-0.9)_stat_nrot,0.8392,result.txt,0.8392,12.7681947,18.77897592,10.77319745,6.451866711,6.451866711,2.42438816,2.046368477,0,0,N/A,0.3074881726,-2.116670883e-06,0,N/A,9.827551645,9.827554164,1213.670078,9.827552904,6.451866711,0.6115939636,0.6115939636,0.6115939636
Nrotstar_(SLy100)_(0.04-0.9)_stat_nrot,0.8479,result.txt,0.8479,12.87915292,19.03691218,11.03254519,6.427320102,6.427320102,2.423052884,2.045536958,0,0,N/A,0.3081379807,-2.271939097e-06,0,N/A,9.802842195,9.802844664,1207.574675,9.802843429,6.427320102,0.6143213104,0.6143213104,0.6143213104
Nrotstar_(SLy100)_(0.04-0.9)_stat_nrot,0.8566,result.txt,0.8566,12.99097653,19.29913155,11.29643159,6.403137728,6.403137728,2.421527817,2.044590538,0,0,N/A,0.3087692639,-1.825876888e-06,0,N/A,9.778273879,9.778281023,1201.529881,9.778277451,6.403137728,0.6169842749,0.6169842749,0.6169842749
Nrotstar_(SLy100)_(0.04-0.9)_stat_nrot,0.8653,result.txt,0.8653,13.1047133,19.56816528,11.5649471,6.379363487,6.379363487,2.419764611,2.043514649,0,0,N/A,0.309379721,2.558606493e-06,0,N/A,9.753844438,9.753868088,1195.535748,9.753856263,6.379363487,0.6195696716,0.6195696716,0.6195696716
Nrotstar_(SLy100)_(0.04-0.9)_stat_nrot,0.8739,result.txt,0.8739,13.21623955,19.83426115,11.83499403,6.356212898,6.356212898,2.417869378,2.04235811,0,0,N/A,0.3099666453,6.555544075e-06,0,N/A,9.729865666,9.729904525,1189.66665,9.729885096,6.356212898,0.622067437,0.622067437,0.622067437
Nrotstar_(SLy100)_(0.04-0.9)_stat_nrot,0.8826,result.txt,0.8826,13.32804978,20.10335215,12.11289259,6.333113481,6.333113481,2.41580867,2.041099978,0,0,N/A,0.3105451875,1.01982216e-05,0,N/A,9.705756416,9.705810811,1183.780205,9.705783613,6.333113481,0.6245406675,0.6245406675,0.6245406675
Nrotstar_(SLy100)_(0.04-0.9)_stat_nrot,0.8913,result.txt,0.8913,13.43882904,20.3722915,12.3955701,6.310355861,6.310355861,2.4136262,2.039769442,0,0,N/A,0.3111093068,1.335212056e-05,0,N/A,9.681842002,9.681908583,1177.95536,9.681875292,6.310355861,0.6269622372,0.6269622372,0.6269622372
Nrotstar_(SLy100)_(0.04-0.9)_stat_nrot,0.9000,result.txt,0.9,13.54911287,20.6423711,12.68306907,6.287957188,6.287957188,2.411299365,2.038353289,0,0,N/A,0.3116570861,1.617176877e-05,0,N/A,9.658114858,9.658191774,1172.190114,9.658153316,6.287957188,0.6293235131,0.6293235131,0.6293235131
